Stock1,Stock2,Correlation
AAPL,AAPL,1.0
AMZN,AAPL,0.9559260244259934
BAC,AAPL,0.548134019380439
CVX,AAPL,0.8525331582510622
GOOGL,AAPL,0.9757911102799588
GS,AAPL,0.9317732090160242
JNJ,AAPL,0.8650282291956015
JPM,AAPL,0.9499006489415172
KO,AAPL,0.8761371244330469
MSFT,AAPL,0.9879456045398305
NVDA,AAPL,0.8350570894714081
PFE,AAPL,0.6113138809728238
SPY,AAPL,0.9788093678693681
UNH,AAPL,0.9429557496961074
WMT,AAPL,0.9432552220775073
XOM,AAPL,0.7952038716474945
AAPL,AMZN,0.9559260244259934
AMZN,AMZN,1.0
BAC,AMZN,0.47320122563087347
CVX,AMZN,0.8309311317974626
GOOGL,AMZN,0.9599400452965802
GS,AMZN,0.9013990878773162
JNJ,AMZN,0.924673358407456
JPM,AMZN,0.9549323135277481
KO,AMZN,0.9296590574893093
MSFT,AMZN,0.9600227777546904
NVDA,AMZN,0.7786162281315119
PFE,AMZN,0.644459133393491
SPY,AMZN,0.9701094445465022
UNH,AMZN,0.9166037614246642
WMT,AMZN,0.9432799157960758
XOM,AMZN,0.7331518597013358
AAPL,BAC,0.548134019380439
AMZN,BAC,0.47320122563087347
BAC,BAC,1.0
CVX,BAC,0.5507821028664968
GOOGL,BAC,0.544222833107163
GS,BAC,0.5332938564345121
JNJ,BAC,0.6158098398395565
JPM,BAC,0.6424844913507421
KO,BAC,0.6083126691154199
MSFT,BAC,0.5955886130707103
NVDA,BAC,0.4896134246138026
PFE,BAC,0.6634578563988931
SPY,BAC,0.5872416067313101
UNH,BAC,0.5300667232971035
WMT,BAC,0.6317690716734546
XOM,BAC,0.5673390975487458
AAPL,CVX,0.8525331582510622
AMZN,CVX,0.8309311317974626
BAC,CVX,0.5507821028664968
CVX,CVX,1.0
GOOGL,CVX,0.8574309003738746
GS,CVX,0.8359879422135641
JNJ,CVX,0.9625933427080238
JPM,CVX,0.8914577031315023
KO,CVX,0.9618321228280744
MSFT,CVX,0.8426880775207953
NVDA,CVX,0.6448651212654712
PFE,CVX,0.798138255785329
SPY,CVX,0.8881597055654904
UNH,CVX,0.905432559326221
WMT,CVX,0.9041721901403276
XOM,CVX,0.9771379948854124
AAPL,GOOGL,0.9757911102799588
AMZN,GOOGL,0.9599400452965802
BAC,GOOGL,0.544222833107163
CVX,GOOGL,0.8574309003738746
GOOGL,GOOGL,1.0
GS,GOOGL,0.9543110823079953
JNJ,GOOGL,0.8924905933049392
JPM,GOOGL,0.9752818371986312
KO,GOOGL,0.9215713928707204
MSFT,GOOGL,0.9799540276797483
NVDA,GOOGL,0.8658772192755642
PFE,GOOGL,0.6207122604041608
SPY,GOOGL,0.985543060011759
UNH,GOOGL,0.8857255928628239
WMT,GOOGL,0.9597815243119945
XOM,GOOGL,0.794653819755862
AAPL,GS,0.9317732090160242
AMZN,GS,0.9013990878773162
BAC,GS,0.5332938564345121
CVX,GS,0.8359879422135641
GOOGL,GS,0.9543110823079953
GS,GS,1.0
JNJ,GS,0.8312438443299424
JPM,GS,0.9707983410517612
KO,GS,0.8715148593840819
MSFT,GS,0.9362235767920045
NVDA,GS,0.9030477100731051
PFE,GS,0.45331158369149993
SPY,GS,0.9439745676944037
UNH,GS,0.82073947592193
WMT,GS,0.9540065497736937
XOM,GS,0.8355463080515043
AAPL,JNJ,0.8650282291956015
AMZN,JNJ,0.924673358407456
BAC,JNJ,0.6158098398395565
CVX,JNJ,0.9625933427080238
GOOGL,JNJ,0.8924905933049392
GS,JNJ,0.8312438443299424
JNJ,JNJ,1.0
JPM,JNJ,0.9108171685057259
KO,JNJ,0.9730065582475531
MSFT,JNJ,0.8640386981087074
NVDA,JNJ,0.6076957192374703
PFE,JNJ,0.870686205178323
SPY,JNJ,0.9254363849631648
UNH,JNJ,0.9302542145143798
WMT,JNJ,0.9160023976046625
XOM,JNJ,0.9157470424877142
AAPL,JPM,0.9499006489415172
AMZN,JPM,0.9549323135277481
BAC,JPM,0.6424844913507421
CVX,JPM,0.8914577031315023
GOOGL,JPM,0.9752818371986312
GS,JPM,0.9707983410517612
JNJ,JPM,0.9108171685057259
JPM,JPM,1.0
KO,JPM,0.9180044772090157
MSFT,JPM,0.9666495265370446
NVDA,JPM,0.8893553845103124
PFE,JPM,0.6907722956060824
SPY,JPM,0.9818419989747431
UNH,JPM,0.8850153223914508
WMT,JPM,0.9828142878878872
XOM,JPM,0.8587242518466464
AAPL,KO,0.8761371244330469
AMZN,KO,0.9296590574893093
BAC,KO,0.6083126691154199
CVX,KO,0.9618321228280744
GOOGL,KO,0.9215713928707204
GS,KO,0.8715148593840819
JNJ,KO,0.9730065582475531
JPM,KO,0.9180044772090157
KO,KO,1.0
MSFT,KO,0.8834535706633974
NVDA,KO,0.7004504509351972
PFE,KO,0.8598980669453997
SPY,KO,0.9560458590532686
UNH,KO,0.9249034477888793
WMT,KO,0.9268729269777227
XOM,KO,0.9326696136492758
AAPL,MSFT,0.9879456045398305
AMZN,MSFT,0.9600227777546904
BAC,MSFT,0.5955886130707103
CVX,MSFT,0.8426880775207953
GOOGL,MSFT,0.9799540276797483
GS,MSFT,0.9362235767920045
JNJ,MSFT,0.8640386981087074
JPM,MSFT,0.9666495265370446
KO,MSFT,0.8834535706633974
MSFT,MSFT,1.0
NVDA,MSFT,0.8648537953723383
PFE,MSFT,0.6204751192450546
SPY,MSFT,0.9826432323200619
UNH,MSFT,0.9220670460528764
WMT,MSFT,0.9540844192905508
XOM,MSFT,0.7916828089633523
AAPL,NVDA,0.8350570894714081
AMZN,NVDA,0.7786162281315119
BAC,NVDA,0.4896134246138026
CVX,NVDA,0.6448651212654712
GOOGL,NVDA,0.8658772192755642
GS,NVDA,0.9030477100731051
JNJ,NVDA,0.6076957192374703
JPM,NVDA,0.8893553845103124
KO,NVDA,0.7004504509351972
MSFT,NVDA,0.8648537953723383
NVDA,NVDA,1.0
PFE,NVDA,0.20957776113883728
SPY,NVDA,0.8396134230777111
UNH,NVDA,0.6362096663673783
WMT,NVDA,0.9061918196614411
XOM,NVDA,0.7081551267146621
AAPL,PFE,0.6113138809728238
AMZN,PFE,0.644459133393491
BAC,PFE,0.6634578563988931
CVX,PFE,0.798138255785329
GOOGL,PFE,0.6207122604041608
GS,PFE,0.45331158369149993
JNJ,PFE,0.870686205178323
JPM,PFE,0.6907722956060824
KO,PFE,0.8598980669453997
MSFT,PFE,0.6204751192450546
NVDA,PFE,0.20957776113883728
PFE,PFE,1.0
SPY,PFE,0.6723450778361637
UNH,PFE,0.7323031126457498
WMT,PFE,0.7041837442570342
XOM,PFE,0.7463660681562946
AAPL,SPY,0.9788093678693681
AMZN,SPY,0.9701094445465022
BAC,SPY,0.5872416067313101
CVX,SPY,0.8881597055654904
GOOGL,SPY,0.985543060011759
GS,SPY,0.9439745676944037
JNJ,SPY,0.9254363849631648
JPM,SPY,0.9818419989747431
KO,SPY,0.9560458590532686
MSFT,SPY,0.9826432323200619
NVDA,SPY,0.8396134230777111
PFE,SPY,0.6723450778361637
SPY,SPY,1.0
UNH,SPY,0.9191741347926339
WMT,SPY,0.9681270932360366
XOM,SPY,0.8107009397598633
AAPL,UNH,0.9429557496961074
AMZN,UNH,0.9166037614246642
BAC,UNH,0.5300667232971035
CVX,UNH,0.905432559326221
GOOGL,UNH,0.8857255928628239
GS,UNH,0.82073947592193
JNJ,UNH,0.9302542145143798
JPM,UNH,0.8850153223914508
KO,UNH,0.9249034477888793
MSFT,UNH,0.9220670460528764
NVDA,UNH,0.6362096663673783
PFE,UNH,0.7323031126457498
SPY,UNH,0.9191741347926339
UNH,UNH,1.0
WMT,UNH,0.8742923323695837
XOM,UNH,0.8200222964500434
AAPL,WMT,0.9432552220775073
AMZN,WMT,0.9432799157960758
BAC,WMT,0.6317690716734546
CVX,WMT,0.9041721901403276
GOOGL,WMT,0.9597815243119945
GS,WMT,0.9540065497736937
JNJ,WMT,0.9160023976046625
JPM,WMT,0.9828142878878872
KO,WMT,0.9268729269777227
MSFT,WMT,0.9540844192905508
NVDA,WMT,0.9061918196614411
PFE,WMT,0.7041837442570342
SPY,WMT,0.9681270932360366
UNH,WMT,0.8742923323695837
WMT,WMT,1.0
XOM,WMT,0.8829823322603274
AAPL,XOM,0.7952038716474945
AMZN,XOM,0.7331518597013358
BAC,XOM,0.5673390975487458
CVX,XOM,0.9771379948854124
GOOGL,XOM,0.794653819755862
GS,XOM,0.8355463080515043
JNJ,XOM,0.9157470424877142
JPM,XOM,0.8587242518466464
KO,XOM,0.9326696136492758
MSFT,XOM,0.7916828089633523
NVDA,XOM,0.7081551267146621
PFE,XOM,0.7463660681562946
SPY,XOM,0.8107009397598633
UNH,XOM,0.8200222964500434
WMT,XOM,0.8829823322603274
XOM,XOM,1.0
